Category,Title,Description,URL,Extractive_Summary,Abstractive_Summary,Display_Category,MCQ_Sample,Quick_Pointers,Easy_Explanation
Tech,"Malaysia's ban on raw rare earths exports remains despite US deal, trade minister says","Malaysia has some 16.1 million metric tons of rare earth deposits, according to government estimates, but lacks the technology to mine and process them.",https://www.channelnewsasia.com/asia/malaysia-ban-rare-earths-us-deal-5431906,"Malaysia has some 16.1 million metric tons of rare earth deposits, according to government estimates, but lacks the technology to mine and process them.","Malaysia has some 16.1 million metric tons of rare earth deposits, according to government estimates. But it lacks the technology to mine and process them.",Tech,"Q: Which statement is most accurate about 'Malaysia's ban on raw rare earths exports remains despite US deal, trade minister says'?
A. 1 million metric tons of rare earth deposits, according to government estimates
B. But it lacks the technology to mine and process them","- 1 million metric tons of rare earth deposits, according to government estimates
- But it lacks the technology to mine and process them",Covers a new technology or innovation—read for latest in tech world.
Tech,AI chipmaker Nvidia becomes the first $5 trillion company,Hitting the new benchmark puts more emphasis on the upheaval being unleashed by an artificial intelligence craze that’s widely viewed as the biggest tectonic shift in technology since Apple.,https://www.chicagotribune.com/2025/10/29/nvidia-becomes-5-trillion-company/,Hitting the new benchmark puts more emphasis on the upheaval being unleashed by an artificial intelligence craze that’s widely viewed as the biggest tectonic shift in technology since Apple.,The new benchmark puts more emphasis on the upheaval being unleashed by an artificial intelligence craze. It's widely viewed as the biggest tectonic shift in technology since Apple.,Tech,"Q: Which statement is most accurate about 'AI chipmaker Nvidia becomes the first $5 trillion company'?
A. The new benchmark puts more emphasis on the upheaval being unleashed by an artificial intelligence craze
B. It's widely viewed as the biggest tectonic shift in technology since Apple","- The new benchmark puts more emphasis on the upheaval being unleashed by an artificial intelligence craze
- It's widely viewed as the biggest tectonic shift in technology since Apple",Covers a new technology or innovation—read for latest in tech world.
Tech,Tokyo auto show highlights technology but Trump's tariffs loom large,"The Tokyo Mobility Show is highlighting more than just cars or the types of fuel they use from electric to hydrogen, but also various kinds of futuristic transport.",https://www.startribune.com/tokyo-auto-show-highlights-technology-but-trumps-tariffs-loom-large/601512377,"The Tokyo Mobility Show is highlighting more than just cars or the types of fuel they use from electric to hydrogen, but also various kinds of futuristic transport.","The Tokyo Mobility Show is highlighting more than just cars or the types of fuel they use from electric to hydrogen, but also various kinds of futuristic transport.",Tech,,"- The Tokyo Mobility Show is highlighting more than just cars or the types of fuel they use from electric to hydrogen, but also various kinds of futuristic transport",Covers a new technology or innovation—read for latest in tech world.
Tech,Tokyo auto show highlights technology but Trump’s tariffs loom large,"The Tokyo Mobility Show is showcasing futuristic transport, including robotic chairs and helicopter-like aircraft.",https://apnews.com/article/automakers-tokyo-evs-sustainability-trump-tariffs-2a8636847ab8adb0042ce316fa779a77,"The Tokyo Mobility Show is showcasing futuristic transport, including robotic chairs and helicopter-like aircraft.","The Tokyo Mobility Show is showcasing futuristic transport, including robotic chairs and helicopter-like aircraft.",Tech,,"- The Tokyo Mobility Show is showcasing futuristic transport, including robotic chairs and helicopter-like aircraft",Covers a new technology or innovation—read for latest in tech world.
Tech,Tokyo auto show highlights technology but Trump's tariffs loom large,"The Tokyo Mobility Show is showcasing futuristic transport, including robotic chairs and helicopter-like aircraft",https://www.barchart.com/story/news/35780217/tokyo-auto-show-highlights-technology-but-trump-s-tariffs-loom-large,"The Tokyo Mobility Show is showcasing futuristic transport, including robotic chairs and helicopter-like aircraft","The Tokyo Mobility Show is showcasing futuristic transport, including robotic chairs and helicopter-like aircraft.",Tech,,"- The Tokyo Mobility Show is showcasing futuristic transport, including robotic chairs and helicopter-like aircraft",Covers a new technology or innovation—read for latest in tech world.
Tech,US-South Korea Tech Sharing: Nuclear Submarines Take Center Stage,President Donald Trump announced the US will share sensitive nuclear-powered submarine technology with South Korea following talks with President Lee Jae Myung. The collaboration aims to strengthen the US-South Korean military alliance. South Korea plans significant investments to bolster its defense capabilities while reducing US financial burdens.,https://www.devdiscourse.com/article/politics/3678058-us-south-korea-tech-sharing-nuclear-submarines-take-center-stage,President Donald Trump announced the US will share sensitive nuclear-powered submarine technology with South Korea following talks with President Lee Jae Myung. The collaboration aims to strengthen the US-South Korean military alliance. South Korea plans significant investments to bolster its defense capabilities while reducing US financial burdens.,The collaboration aims to strengthen the US-South Korean military alliance. South Korea plans significant investments to bolster its defense capabilities.,Tech,"Q: Which statement is most accurate about 'US-South Korea Tech Sharing: Nuclear Submarines Take Center Stage'?
A. The collaboration aims to strengthen the US-South Korean military alliance
B. South Korea plans significant investments to bolster its defense capabilities","- The collaboration aims to strengthen the US-South Korean military alliance
- South Korea plans significant investments to bolster its defense capabilities",Covers a new technology or innovation—read for latest in tech world.
Tech,Paris Watch: Robot Dogs are about to Become Part of Everyday Life,"PARIS, Oct. 29, 2025 (GLOBE NEWSWIRE) -- An upcoming RoboDog, named 'Babo,' drew huge crowds in the heart of Paris last week. Developed by Vbot, a consumer technology company specializing in household robots, it features a sleek build and natural voice interaction. Babo quickly became a conversation starter among passersby who enthusiastically engaged with it - asking questions, snapping pictures, and walking alongside it.",https://www.manilatimes.net/2025/10/30/tmt-newswire/globenewswire/paris-watch-robot-dogs-are-about-to-become-part-of-everyday-life/2211743,"29, 2025 (GLOBE NEWSWIRE) -- An upcoming RoboDog, named 'Babo,' drew huge crowds in the heart of Paris last week. Developed by Vbot, a consumer technology company specializing in household robots, it features a sleek build and natural voice interaction. Babo quickly became a conversation starter among passersby who enthusiastically engaged with it - asking questions, snapping pictures, and walking alongside it.","The upcoming RoboDog, named 'Babo,' drew huge crowds in the heart of Paris last week. Babo quickly became a conversation starter among passersby who enthusiastically engaged with it.",Tech,"Q: Which statement is most accurate about 'Paris Watch: Robot Dogs are about to Become Part of Everyday Life'?
A. The upcoming RoboDog, named 'Babo,' drew huge crowds in the heart of Paris last week
B. Babo quickly became a conversation starter among passersby who enthusiastically engaged with it","- The upcoming RoboDog, named 'Babo,' drew huge crowds in the heart of Paris last week
- Babo quickly became a conversation starter among passersby who enthusiastically engaged with it",Covers a new technology or innovation—read for latest in tech world.
Tech,US will share tech to let South Korea build a nuclear,"GYEONGJU, South Korea (AP) — The United States will share closely held technology to allow South Korea to build a nuclear-powered submarine…",https://wtop.com/asia/2025/10/us-will-share-tech-to-let-south-korea-build-a-nuclear-powered-submarine-trump-says/,"GYEONGJU, South Korea (AP) — The United States will share closely held technology to allow South Korea to build a nuclear-powered submarine…",The U.S. will share closely held technology to allow South Korea to build a nuclear-powered submarine.,Tech,,- will share closely held technology to allow South Korea to build a nuclear-powered submarine,Covers a new technology or innovation—read for latest in tech world.
Tech,"Florida Governor makes BIG announcement, says universities will no longer hire people on H-1B work visas","The H-1B visa is most commonly used in the tech industry, especially for skilled workers from India. Major technology companies are among the largest users of the program, and nearly 75 per cent of approved H-1B visas go to Indian professionals.",https://www.india.com/news/world/florida-governor-ron-desantis-makes-big-announcement-on-h-1b-visa-says-universities-will-no-longer-hire-people-on-h-1b-work-visas-why-do-we-need-to-bring-people-from-china-and-other-countries-even-as-8156491/,"The H-1B visa is most commonly used in the tech industry, especially for skilled workers from India. Major technology companies are among the largest users of the program, and nearly 75 per cent of approved H-1B visas go to Indian professionals.","The H-1B visa is most commonly used in the tech industry, especially for skilled workers from India. Major technology companies are among the largest users of the program. Nearly 75 per cent of approved visas go to Indian professionals.",Tech,"Q: Which statement is most accurate about 'Florida Governor makes BIG announcement, says universities will no longer hire people on H-1B work visas'?
A. The H-1B visa is most commonly used in the tech industry, especially for skilled workers from India
B. Major technology companies are among the largest users of the program","- The H-1B visa is most commonly used in the tech industry, especially for skilled workers from India
- Major technology companies are among the largest users of the program
- Nearly 75 per cent of approved visas go to Indian professionals",Covers a new technology or innovation—read for latest in tech world.
Tech,Trump: US will Share Sensitive Nuclear Submarine Technology with S Korea,U.S. nuclear submarine technology is widely regarded as some of the most sensitive and highly guarded technology the military possesses,https://www.deccanchronicle.com/world/trump-us-will-share-sensitive-nuclear-submarine-technology-with-s-korea-1913546,nuclear submarine technology is widely regarded as some of the most sensitive and highly guarded technology the military possesses,U.S. nuclear submarine technology is widely regarded as some of the most sensitive and highly guarded technology.,Tech,,- nuclear submarine technology is widely regarded as some of the most sensitive and highly guarded technology,Covers a new technology or innovation—read for latest in tech world.
Politics,"Newsom's Gerrymander Leads, 56% to 43%; CA Voters Say 'Threats to Democracy' Biggest Problem","Newsom's method in Prop 50, as in the 2021 recall election, has been to frame a state issue or election as a referendum on national politics,",https://www.breitbart.com/politics/2025/10/30/poll-newsoms-gerrymander-leads-56-to-43-ca-voters-say-threats-to-democracy-biggest-problem/,"Newsom's method in Prop 50, as in the 2021 recall election, has been to frame a state issue or election as a referendum on national politics,","Newsom's method in Prop 50, as in the 2021 recall election, has been to frame a state issue or election as a referendum on national politics.",Politics,,"- Newsom's method in Prop 50, as in the 2021 recall election, has been to frame a state issue or election as a referendum on national politics",This news covers government actions or policy—good for current affairs prep.
Politics,"Indonesia Investigates More Free Meal Poisoning Cases, After 700 Students Fall Ill, Official Says","US News is a recognized leader in college, grad school, hospital, mutual fund, and car rankings. Track elected officials, research health conditions, and find news you can use in politics, business, health, and education.",https://www.usnews.com/news/world/articles/2025-10-29/indonesia-investigates-more-free-meal-poisoning-cases-after-700-students-fall-ill-official-says,"US News is a recognized leader in college, grad school, hospital, mutual fund, and car rankings. Track elected officials, research health conditions, and find news you can use in politics, business, health, and education.","US News is a recognized leader in college, grad school, hospital, mutual fund, and car rankings. Track elected officials, research health conditions, and find news you can use in politics, business, health, and education.",Politics,"Q: Which statement is most accurate about 'Indonesia Investigates More Free Meal Poisoning Cases, After 700 Students Fall Ill, Official Says'?
A. US News is a recognized leader in college, grad school, hospital, mutual fund, and car rankings
B. Track elected officials, research health conditions, and find news you can use in politics, business, health, and education","- US News is a recognized leader in college, grad school, hospital, mutual fund, and car rankings
- Track elected officials, research health conditions, and find news you can use in politics, business, health, and education",This news covers government actions or policy—good for current affairs prep.
Politics,SNAP Recipients Threaten To Loot As EBT Apocalypse Is Upon Us,"Popular X user Collin Rugg, co-owner of Trending Politics, posted a video on X featuring a sassy black woman who admitted to shoplifting various food items from a store after her food stamps were cut off.",https://www.thegatewaypundit.com/2025/10/snap-recipients-threaten-loot-as-ebt-apocalypse-is/,"Popular X user Collin Rugg, co-owner of Trending Politics, posted a video on X featuring a sassy black woman who admitted to shoplifting various food items from a store after her food stamps were cut off.","Popular X user Collin Rugg, co-owner of Trending Politics, posted a video on X featuring a sassy black woman who admitted to shoplifting.",Politics,,"- Popular X user Collin Rugg, co-owner of Trending Politics, posted a video on X featuring a sassy black woman who admitted to shoplifting",This news covers government actions or policy—good for current affairs prep.
Politics,"Starlink inches closer to launch, Suzuki’s small hybrid & UP’s spending power mapped | MC Editor's Picks","Details of Maruti Suzuki’s small hybrid car, Starlink’s litmus test to comply with local laws ahead of launch, EU trade deal closer minus CBAM, and the sweet spot for real estate consumers. Also inside: our reporters’ interviews with DP Singh, Deputy MD and Joint CEO of SBI Mutual Fund and Navneet Munot, Managing Director and CEO of HDFC Asset Management Company, and data stories from politics to economics. Tune in for all this and more in today’s edition of Moneycontrol Editor’s Picks.",https://www.moneycontrol.com/news/india/starlink-inches-closer-to-launch-suzuki-s-small-hybrid-up-s-spending-power-mapped-mc-editor-s-picks-13640942.html,"Details of Maruti Suzuki’s small hybrid car, Starlink’s litmus test to comply with local laws ahead of launch, EU trade deal closer minus CBAM, and the sweet spot for real estate consumers. Also inside: our reporters’ interviews with DP Singh, Deputy MD and Joint CEO of SBI Mutual Fund and Navneet Munot, Managing Director and CEO of HDFC Asset Management Company, and data stories from politics to economics. Tune in for all this and more in today’s edition of Moneycontrol Editor’s Picks.",Inside the story of Maruti Suzuki’s small hybrid car. EU trade deal closer minus CBAM. Sweet spot for real estate consumers. Data stories from politics to economics.,Politics,"Q: Which statement is most accurate about 'Starlink inches closer to launch, Suzuki’s small hybrid & UP’s spending power mapped | MC Editor's Picks'?
A. Inside the story of Maruti Suzuki’s small hybrid car
B. EU trade deal closer minus CBAM","- Inside the story of Maruti Suzuki’s small hybrid car
- EU trade deal closer minus CBAM
- Sweet spot for real estate consumers",This news covers government actions or policy—good for current affairs prep.
Politics,Mark Carney needs to come clean on climate,The prime minister has been conspicuously quiet about an issue that seemed to define his politics before he entered the partisan arena. That needs to change.,https://www.nationalobserver.com/2025/10/30/opinion/mark-carney-climate-policy-transparency,The prime minister has been conspicuously quiet about an issue that seemed to define his politics before he entered the partisan arena.,The PM has been conspicuously quiet about an issue that seemed to define his politics before he entered the partisan arena. That needs to change.,Politics,,- The PM has been conspicuously quiet about an issue that seemed to define his politics before he entered the partisan arena,This news covers government actions or policy—good for current affairs prep.
Politics,World Unfolds: Global Events Shaping Politics and Beyond,"Current world news includes the US military's withdrawal from NATO's eastern flank, deadly police operations in Brazil, Hurricane Melissa's devastation in the Caribbean, Spain's flood anniversary, legal battles over Trump's National Guard deployments, charges in the Louvre heist, and Dutch elections. Global political and cultural impacts continue to unfold.",https://www.devdiscourse.com/article/politics/3678019-world-unfolds-global-events-shaping-politics-and-beyond,"Current world news includes the US military's withdrawal from NATO's eastern flank, deadly police operations in Brazil, Hurricane Melissa's devastation in the Caribbean, Spain's flood anniversary, legal battles over Trump's National Guard deployments, charges in the Louvre heist, and Dutch elections. Global political and cultural impacts continue to unfold.","Current world news includes the US military's withdrawal from NATO's eastern flank. Deadly police operations in Brazil, Hurricane Melissa's devastation in the Caribbean. Spain's flood anniversary, legal battles over Trump's National Guard deployments, charges in the Louvre heist.",Politics,"Q: Which statement is most accurate about 'World Unfolds: Global Events Shaping Politics and Beyond'?
A. Current world news includes the US military's withdrawal from NATO's eastern flank
B. Deadly police operations in Brazil, Hurricane Melissa's devastation in the Caribbean","- Current world news includes the US military's withdrawal from NATO's eastern flank
- Deadly police operations in Brazil, Hurricane Melissa's devastation in the Caribbean
- Spain's flood anniversary, legal battles over Trump's National Guard deployments, charges in the Louvre heist",This news covers government actions or policy—good for current affairs prep.
Politics,Rep. Mace to Newsmax: 'Nobody Wants' Long-Term CR,"Telling Newsmax on Wednesday that talk is growing on Capitol Hill about pushing through a longer-term continuing resolution, Rep. Nancy Mace, R-S.C., slammed Democrats for dragging out the government shutdown and putting politics ahead of the American people.",https://www.newsmax.com/newsmax-tv/nancy-mace-shutdown-continuing-resolution/2025/10/29/id/1232428/,"Telling Newsmax on Wednesday that talk is growing on Capitol Hill about pushing through a longer-term continuing resolution, Rep. Nancy Mace, R-S.C., slammed Democrats for dragging out the government shutdown and putting politics ahead of the American people.","Rep. Nancy Mace, R-S.C., slammed Democrats for dragging out the government shutdown and putting politics ahead of the American people. Mace said talk is growing on Capitol Hill about pushing through a longer-term continuing resolution.",Politics,"Q: Which statement is most accurate about 'Rep. Mace to Newsmax: 'Nobody Wants' Long-Term CR'?
A. , slammed Democrats for dragging out the government shutdown and putting politics ahead of the American people
B. Mace said talk is growing on Capitol Hill about pushing through a longer-term continuing resolution","- , slammed Democrats for dragging out the government shutdown and putting politics ahead of the American people
- Mace said talk is growing on Capitol Hill about pushing through a longer-term continuing resolution",This news covers government actions or policy—good for current affairs prep.
Politics,BJP MLA Kishtwar controversy,Shagun Parihar’s remarks trigger uproar as ministers urge restraint while opposition hits out at divisive politics amid renewed debate over delimitation in Chenab Valley,https://www.telegraphindia.com/india/bjp-mla-accuses-omar-abdullah-government-of-bias-against-hindu-majority-kishtwar-area-prnt/cid/2130262,Shagun Parihar’s remarks trigger uproar as ministers urge restraint while opposition hits out at divisive politics amid renewed debate over delimitation in Chenab Valley,Shagun Parihar’s remarks trigger uproar as ministers urge restraint. Opposition hits out at divisive politics amid renewed debate over delimitation.,Politics,"Q: Which statement is most accurate about 'BJP MLA Kishtwar controversy'?
A. Shagun Parihar’s remarks trigger uproar as ministers urge restraint
B. Opposition hits out at divisive politics amid renewed debate over delimitation","- Shagun Parihar’s remarks trigger uproar as ministers urge restraint
- Opposition hits out at divisive politics amid renewed debate over delimitation",This news covers government actions or policy—good for current affairs prep.
Politics,Dual power structure obstructs Govt functioning: Sagar,"Excelsior Correspondent SRINAGAR, Oct 29: National Conference General Secretary and MLA Khanyar, Ali Muhammad Sagar, today said that “two power centres” in Jammu and Kashmir were obstructing the functioning of the elected Government. Speaking for the first time during the ongoing Legislative Assembly session here, Sagar said the sentiments of people in both Jammu and Kashmir must be respected, accusing the BJP of pursuing “divisive politics.” “There are two power centres in J&K, and the Government is not being allowed […]",https://www.dailyexcelsior.com/dual-power-structure-obstructs-govt-functioning-sagar/,"Excelsior Correspondent SRINAGAR, Oct 29: National Conference General Secretary and MLA Khanyar, Ali Muhammad Sagar, today said that “two power centres” in Jammu and Kashmir were obstructing the functioning of the elected Government. Speaking for the first time during the ongoing Legislative Assembly session here, Sagar said the sentiments of people in both Jammu and Kashmir must be respected, accusing the BJP of pursuing “divisive politics.” “There are two power centres in J&K, and the Government is not being allowed […]","National Conference General Secretary and MLA Khanyar, Ali Muhammad Sagar, today said that ‘two power centres’ were obstructing the functioning of the elected Government. Sagar said the sentiments of people in both Jammu and Kashmir must be respected, accusing the BJP of pursuing",Politics,"Q: Which statement is most accurate about 'Dual power structure obstructs Govt functioning: Sagar'?
A. National Conference General Secretary and MLA Khanyar, Ali Muhammad Sagar, today said that ‘two power centres’ were obstructing the functioning of the elected Government
B. Sagar said the sentiments of people in both Jammu and Kashmir must be respected, accusing the BJP of pursuing","- National Conference General Secretary and MLA Khanyar, Ali Muhammad Sagar, today said that ‘two power centres’ were obstructing the functioning of the elected Government
- Sagar said the sentiments of people in both Jammu and Kashmir must be respected, accusing the BJP of pursuing",This news covers government actions or policy—good for current affairs prep.
Politics,"Bihar Election 2025: Babur, Aurangzeb Enter Poll Battle; Yogi Adityanath Says ‘Osama Shahab Lives Up To His Name’","At a rally in Siwan, the UP CM brought history, crime and politics on one stage, attacking the RJD, invoking Ram and warning voters against a return of “jungle raj”.",https://zeenews.india.com/india/bihar-election-2025-babur-aurangzeb-enter-poll-battle-yogi-adityanath-says-osama-shahab-lives-up-to-his-name-2977767.html,"At a rally in Siwan, the UP CM brought history, crime and politics on one stage, attacking the RJD, invoking Ram and warning voters against a return of “jungle raj”.","At a rally in Siwan, the UP CM brought history, crime and politics on one stage. He attacked the RJD, invoking Ram and warning voters against a return of ‘jungle raj’",Politics,"Q: Which statement is most accurate about 'Bihar Election 2025: Babur, Aurangzeb Enter Poll Battle; Yogi Adityanath Says ‘Osama Shahab Lives Up To His Name’'?
A. At a rally in Siwan, the UP CM brought history, crime and politics on one stage
B. He attacked the RJD, invoking Ram and warning voters against a return of ‘jungle raj’","- At a rally in Siwan, the UP CM brought history, crime and politics on one stage
- He attacked the RJD, invoking Ram and warning voters against a return of ‘jungle raj’",This news covers government actions or policy—good for current affairs prep.
International,Blue Jays' Trey Yesavage Did Something No Rookie Has Done in World Series Game 5 Against Dodgers,The Toronto Blue Jays couldn't have asked for more out of their young hurler.,https://athlonsports.com/mlb/toronto-blue-jays/blue-jays-trey-yesavage-rookie-world-series-game-5-dodgers-strikeouts,The Toronto Blue Jays couldn't have asked for more out of their young hurler.,The Toronto Blue Jays couldn't have asked for more out of their young hurler. The Blue Jays have won their last three games against the New York Yankees.,International,"Q: Which statement is most accurate about 'Blue Jays' Trey Yesavage Did Something No Rookie Has Done in World Series Game 5 Against Dodgers'?
A. The Toronto Blue Jays couldn't have asked for more out of their young hurler
B. The Blue Jays have won their last three games against the New York Yankees","- The Toronto Blue Jays couldn't have asked for more out of their young hurler
- The Blue Jays have won their last three games against the New York Yankees",International headline—key for global or world affairs section.
International,"SII, Oxford Univ tie up for Nipah virus vaccine manufacture with $7.3 million funding","SII will collaborate with CEPI and the University of Oxford to produce the ChAdOx1 NipahB vaccine for Phase II clinical trials, a first anywhere in the world.",https://indianexpress.com/article/cities/pune/serum-institute-university-oxford-nipah-virus-vaccine-manufacture-funding-10335111/,"SII will collaborate with CEPI and the University of Oxford to produce the ChAdOx1 NipahB vaccine for Phase II clinical trials, a first anywhere in the world.","SII will collaborate with CEPI and the University of Oxford to produce the ChAdOx1 NipahB vaccine for Phase II clinical trials, a first anywhere in the world.",International,,"- SII will collaborate with CEPI and the University of Oxford to produce the ChAdOx1 NipahB vaccine for Phase II clinical trials, a first anywhere in the world",International headline—key for global or world affairs section.
International,"FIDE Chess World Cup 2025: Format, schedule, live streaming, telecast - All you need to know","FIDE Chess World Cup 2025: Defending champion Magnus Carlsen won't be in action, as he has skipped the event.",https://www.hindustantimes.com/sports/others/fide-chess-world-cup-2025-format-schedule-live-streaming-telecast-all-you-need-to-know-101761792288235.html,"FIDE Chess World Cup 2025: Defending champion Magnus Carlsen won't be in action, as he has skipped the event.","Defending champion Magnus Carlsen won't be in action, as he has skipped the event. FIDE Chess World Cup 2025 will take place in Moscow, Russia.",International,"Q: Which statement is most accurate about 'FIDE Chess World Cup 2025: Format, schedule, live streaming, telecast - All you need to know'?
A. Defending champion Magnus Carlsen won't be in action, as he has skipped the event
B. FIDE Chess World Cup 2025 will take place in Moscow, Russia","- Defending champion Magnus Carlsen won't be in action, as he has skipped the event
- FIDE Chess World Cup 2025 will take place in Moscow, Russia",International headline—key for global or world affairs section.
International,Ronda Rousey’s Recent Training Clip Reignites Call for White House Fight Despite UFC Star’s Refusal,"For someone who insists she’s “not fighting at the White House”, Ronda Rousey sure has the MMA world buzzing again! The former UFC bantamweight champion, who hasn’t set foot inside the Octagon since 2016, recently shared a new training clip that has fans and fellow fighters doing double takes.",https://www.yardbarker.com/mma/articles/ronda_rouseys_recent_training_clip_reignites_call_for_white_house_fight_despite_ufc_stars_refusal/s1_17730_42985445,"For someone who insists she’s “not fighting at the White House”, Ronda Rousey sure has the MMA world buzzing again! The former UFC bantamweight champion, who hasn’t set foot inside the Octagon since 2016, recently shared a new training clip that has fans and fellow fighters doing double takes.",The former UFC bantamweight champion hasn’t set foot inside the Octagon since 2016. Rousey insists she’s “not fighting at the White House”,International,"Q: Which statement is most accurate about 'Ronda Rousey’s Recent Training Clip Reignites Call for White House Fight Despite UFC Star’s Refusal'?
A. The former UFC bantamweight champion hasn’t set foot inside the Octagon since 2016
B. Rousey insists she’s “not fighting at the White House”","- The former UFC bantamweight champion hasn’t set foot inside the Octagon since 2016
- Rousey insists she’s “not fighting at the White House”",International headline—key for global or world affairs section.
International,IND vs AUS Pitch Report: Batting Paradise Awaits at DY Patil Stadium for Women’s World Cup 2025 Semi-Final Showdown,"The DY Patil Stadium pitch in Navi Mumbai promises a high-scoring battle for the India vs Australia Women’s World Cup 2025 semi-final, with dew, spin, and weather conditions set to play a decisive role.",https://zeenews.india.com/cricket/ind-vs-aus-pitch-report-batting-paradise-awaits-at-dy-patil-stadium-for-women-s-world-cup-2025-semi-final-showdown-2977784.html,"The DY Patil Stadium pitch in Navi Mumbai promises a high-scoring battle for the India vs Australia Women’s World Cup 2025 semi-final, with dew, spin, and weather conditions set to play a decisive role.","The DY Patil Stadium pitch in Navi Mumbai promises a high-scoring battle for the India vs Australia Women’s World Cup 2025 semi-final. Dew, spin, and weather conditions set to play a decisive role.",International,"Q: Which statement is most accurate about 'IND vs AUS Pitch Report: Batting Paradise Awaits at DY Patil Stadium for Women’s World Cup 2025 Semi-Final Showdown'?
A. The DY Patil Stadium pitch in Navi Mumbai promises a high-scoring battle for the India vs Australia Women’s World Cup 2025 semi-final
B. Dew, spin, and weather conditions set to play a decisive role","- The DY Patil Stadium pitch in Navi Mumbai promises a high-scoring battle for the India vs Australia Women’s World Cup 2025 semi-final
- Dew, spin, and weather conditions set to play a decisive role",International headline—key for global or world affairs section.
International,"Trump, Xi Meet in South Korea to Ease Trade Tensions","President Donald Trump met face-to-face with Chinese President Xi Jinping on Thursday, offering the leaders of the world’s two largest economies a chance to stabilize relations after months of trade turmoil.",https://www.newsmax.com/newsfront/donald-trump-xi-jinping-china/2025/10/29/id/1232449/,"President Donald Trump met face-to-face with Chinese President Xi Jinping on Thursday, offering the leaders of the world’s two largest economies a chance to stabilize relations after months of trade turmoil.",President Donald Trump met face-to-face with Chinese President Xi Jinping on Thursday. The leaders of the world’s two largest economies a chance to stabilize relations after months of trade turmoil.,International,"Q: Which statement is most accurate about 'Trump, Xi Meet in South Korea to Ease Trade Tensions'?
A. President Donald Trump met face-to-face with Chinese President Xi Jinping on Thursday
B. The leaders of the world’s two largest economies a chance to stabilize relations after months of trade turmoil","- President Donald Trump met face-to-face with Chinese President Xi Jinping on Thursday
- The leaders of the world’s two largest economies a chance to stabilize relations after months of trade turmoil",International headline—key for global or world affairs section.
International,Trump and Xi show signs of easing tensions and a 'fantastic deal' at critical US-China talks in South Korea,"Trump is meeting face-to-face with Chinese leader Xi Jinping on Thursday, a chance for the leaders of the world's two largest economies to stabilise relations after months of turmoil over trade issues.",https://www.indiatvnews.com/news/world/trump-praises-xi-as-great-friend-chinese-president-calls-for-building-strong-china-us-foundation-2025-10-30-1014989,"Trump is meeting face-to-face with Chinese leader Xi Jinping on Thursday, a chance for the leaders of the world's two largest economies to stabilise relations after months of turmoil over trade issues.",Trump is meeting face-to-face with Chinese leader Xi Jinping on Thursday. It is a chance for the leaders of the world's two largest economies to stabilise relations.,International,"Q: Which statement is most accurate about 'Trump and Xi show signs of easing tensions and a 'fantastic deal' at critical US-China talks in South Korea'?
A. Trump is meeting face-to-face with Chinese leader Xi Jinping on Thursday
B. It is a chance for the leaders of the world's two largest economies to stabilise relations","- Trump is meeting face-to-face with Chinese leader Xi Jinping on Thursday
- It is a chance for the leaders of the world's two largest economies to stabilise relations",International headline—key for global or world affairs section.
International,"Jannik Sinner Advances, Zverev Survives Tough Paris Masters Opener","Jannik Sinner moves closer to the Paris Masters title and world number one after defeating Zizou Bergs, as Alexander Zverev survives a tough opener.",https://www.news18.com/sports/sinner-targets-no-1-amid-paris-masters-surprises-zverev-moves-forward-ws-l-9668010.html,"Jannik Sinner moves closer to the Paris Masters title and world number one after defeating Zizou Bergs, as Alexander Zverev survives a tough opener.",Jannik Sinner moves closer to the Paris Masters title and world number one after defeating Zizou Bergs. Alexander Zverev survives a tough opener.,International,"Q: Which statement is most accurate about 'Jannik Sinner Advances, Zverev Survives Tough Paris Masters Opener'?
A. Jannik Sinner moves closer to the Paris Masters title and world number one after defeating Zizou Bergs
B. Alexander Zverev survives a tough opener","- Jannik Sinner moves closer to the Paris Masters title and world number one after defeating Zizou Bergs
- Alexander Zverev survives a tough opener",International headline—key for global or world affairs section.
International,"Is 1986 Nuclear Ghost Back To Haunt? Dogs Turning Blue In Ukraine’s Chernobyl, Mysterious Change Stuns The World","Nearly four decades after the world’s worst nuclear accident, reports of stray dogs with blue fur near Chernobyl have reignited fears about lingering radiation and contamination.",https://zeenews.india.com/world/is-1986-nuclear-ghost-back-to-haunt-dogs-turning-blue-in-ukraine-s-chernobyl-mysterious-change-stuns-the-world-2977782.html,"Nearly four decades after the world’s worst nuclear accident, reports of stray dogs with blue fur near Chernobyl have reignited fears about lingering radiation and contamination.","Reports of stray dogs with blue fur near Chernobyl have reignited fears about lingering radiation and contamination. Nearly four decades after the world’s worst nuclear accident, reports of stray Dogs with Blue Fur near Chernobyl.",International,"Q: Which statement is most accurate about 'Is 1986 Nuclear Ghost Back To Haunt? Dogs Turning Blue In Ukraine’s Chernobyl, Mysterious Change Stuns The World'?
A. Reports of stray dogs with blue fur near Chernobyl have reignited fears about lingering radiation and contamination
B. Nearly four decades after the world’s worst nuclear accident, reports of stray Dogs with Blue Fur near Chernobyl","- Reports of stray dogs with blue fur near Chernobyl have reignited fears about lingering radiation and contamination
- Nearly four decades after the world’s worst nuclear accident, reports of stray Dogs with Blue Fur near Chernobyl",International headline—key for global or world affairs section.
International,"IND vs AUS, Women's World Cup semi-final weather: Will rain spoil Navi Mumbai clash?","India’s Women face defending champions Australia in a high-stakes World Cup semi-final at Navi Mumbai. But with rain threats looming, fans are left hoping the weather doesn’t decide the outcome.",https://www.indiatoday.in/sports/cricket/story/india-vs-australia-womens-world-cup-semi-final-weather-forecast-rain-washout-navi-mumbai-2810528-2025-10-30,"India’s Women face defending champions Australia in a high-stakes World Cup semi-final at Navi Mumbai. But with rain threats looming, fans are left hoping the weather doesn’t decide the outcome.","India’s Women face Australia in a high-stakes World Cup semi-final at Navi Mumbai. But with rain threats looming, fans are left hoping the weather doesn’t decide the outcome.",International,"Q: Which statement is most accurate about 'IND vs AUS, Women's World Cup semi-final weather: Will rain spoil Navi Mumbai clash?'?
A. India’s Women face Australia in a high-stakes World Cup semi-final at Navi Mumbai
B. But with rain threats looming, fans are left hoping the weather doesn’t decide the outcome","- India’s Women face Australia in a high-stakes World Cup semi-final at Navi Mumbai
- But with rain threats looming, fans are left hoping the weather doesn’t decide the outcome",International headline—key for global or world affairs section.
Business,AI is a toolkit; creation will always be human-driven: Adobe’s Louise Pentland,"Adobe has doubled down on its Content Credentials initiative, embedding digital provenance as a signature of transparency| Business News",https://www.hindustantimes.com/business/ai-is-a-toolkit-creation-will-always-be-human-driven-adobe-s-louise-pentland-101761792734836.html,"Adobe has doubled down on its Content Credentials initiative, embedding digital provenance as a signature of transparency| Business News",Adobe has doubled down on its Content Credentials initiative. It embeds digital provenance as a signature of transparency.,Business,"Q: Which statement is most accurate about 'AI is a toolkit; creation will always be human-driven: Adobe’s Louise Pentland'?
A. Adobe has doubled down on its Content Credentials initiative
B. It embeds digital provenance as a signature of transparency","- Adobe has doubled down on its Content Credentials initiative
- It embeds digital provenance as a signature of transparency","Business update—note market trends, economic data, or major events."
Business,"Microsoft outage affects Azure, 365 services, and Xbox; leaves business, entertainment, and web services in the lurch for hours",Trending News: Microsoft’s internal review suggested the main trigger was an “inadvertent configuration change” in the Azure Front Door system. This affected how web,https://timesofindia.indiatimes.com/etimes/trending/microsoft-outage-affects-azure-365-services-and-xbox-leaves-business-entertainment-and-web-services-in-the-lurch-for-hours/articleshow/124929676.cms,Trending News: Microsoft’s internal review suggested the main trigger was an “inadvertent configuration change” in the Azure Front Door system.,Microsoft’s internal review suggested the main trigger was an “inadvertent configuration change” in the Azure Front Door system.,Business,,- Microsoft’s internal review suggested the main trigger was an “inadvertent configuration change” in the Azure Front Door system,"Business update—note market trends, economic data, or major events."
Business,Governor prioritizes ‘recovery and relief’ amid larger questions about the future of typhoon-ravaged Western Alaska villages,"The governor and Kelly Loeffler, administrator of the U.S. Small Business Administration, met with displaced residents in Anchorage. The SBA is making low-interest loans available to residents who suffered damage.",https://www.adn.com/alaska-news/rural-alaska/2025/10/29/governor-prioritizes-recovery-and-relief-amid-larger-questions-about-the-future-of-typhoon-ravaged-western-alaska-villages/,"The governor and Kelly Loeffler, administrator of the U.S. Small Business Administration, met with displaced residents in Anchorage. The SBA is making low-interest loans available to residents who suffered damage.","The governor and Kelly Loeffler, administrator of the U.S. Small Business Administration, met with displaced residents in Anchorage. The SBA is making low-interest loans available to residents who suffered damage.",Business,"Q: Which statement is most accurate about 'Governor prioritizes ‘recovery and relief’ amid larger questions about the future of typhoon-ravaged Western Alaska villages'?
A. The governor and Kelly Loeffler, administrator of the U
B. Small Business Administration, met with displaced residents in Anchorage","- The governor and Kelly Loeffler, administrator of the U
- Small Business Administration, met with displaced residents in Anchorage
- The SBA is making low-interest loans available to residents who suffered damage","Business update—note market trends, economic data, or major events."
Business,DDB’s future uncertain as Omnicom finalises US$13.5b IPG merger,"Bill Bernbach once said creativity was the most powerful force in business. As Omnicom and Interpublic Group move closer to finalising their US$13.5 billion merger, market forces may yet prove him wrong.",https://www.marketing-interactive.com/ddb-future-uncertain-omnicom-finalises-ipg-merger,"Bill Bernbach once said creativity was the most powerful force in business. As Omnicom and Interpublic Group move closer to finalising their US$13.5 billion merger, market forces may yet prove him wrong.",Omnicom and Interpublic Group move closer to finalising US$13.5 billion merger. Bill Bernbach once said creativity was the most powerful force in business.,Business,"Q: Which statement is most accurate about 'DDB’s future uncertain as Omnicom finalises US$13.5b IPG merger'?
A. Omnicom and Interpublic Group move closer to finalising US$13
B. Bill Bernbach once said creativity was the most powerful force in business","- Omnicom and Interpublic Group move closer to finalising US$13
- Bill Bernbach once said creativity was the most powerful force in business","Business update—note market trends, economic data, or major events."
Business,Jumbo Interactive Acquires US-Based Automotive-Themed Prize Draw Giveaway Business for AU$57.8 Million,"Jumbo Interactive acquired FN Funding, DG Motors, and RYNO.CO, which collectively make up the US-based Dream Giveaway business from DG FN Holdings on Thursday for a total upfront cash...",https://www.marketscreener.com/news/jumbo-interactive-acquires-us-based-automotive-themed-prize-draw-giveaway-business-for-au-57-8-milli-ce7d5dd3d98bf022,"Jumbo Interactive acquired FN Funding, DG Motors, and RYNO.CO, which collectively make up the US-based Dream Giveaway business from DG FN Holdings on Thursday for a total upfront cash...","Jumbo Interactive acquired FN Funding, DG Motors, and RYNO.CO, which collectively make up the US-based Dream Giveaway business from DG FN Holdings.",Business,"Q: Which statement is most accurate about 'Jumbo Interactive Acquires US-Based Automotive-Themed Prize Draw Giveaway Business for AU$57.8 Million'?
A. Jumbo Interactive acquired FN Funding, DG Motors, and RYNO
B. CO, which collectively make up the US-based Dream Giveaway business from DG FN Holdings","- Jumbo Interactive acquired FN Funding, DG Motors, and RYNO
- CO, which collectively make up the US-based Dream Giveaway business from DG FN Holdings","Business update—note market trends, economic data, or major events."
Business,"Microsoft beats expectations with 18% revenue jump, but shares slide","Microsoft announced impressive quarterly earnings, with revenue surging due to high demand for artificial intelligence services. This boosted its cloud computing business significantly. However, the company's stock saw a decline as investors worried about how quickly AI will generate profits. An Azure cloud service outage also impacted operations. Microsoft continues to invest heavily in AI, including its partnership with OpenAI.",https://economictimes.indiatimes.com/markets/stocks/earnings/microsoft-beats-expectations-with-18-revenue-jump-but-shares-slide/articleshow/124929080.cms,"Microsoft announced impressive quarterly earnings, with revenue surging due to high demand for artificial intelligence services. This boosted its cloud computing business significantly. However, the company's stock saw a decline as investors worried about how quickly AI will generate profits.","Microsoft announced impressive quarterly earnings. Revenue surged due to high demand for artificial intelligence services. This boosted its cloud computing business significantly. However, the company's stock saw a decline as investors worried about how quickly AI will generate profits.",Business,"Q: Which statement is most accurate about 'Microsoft beats expectations with 18% revenue jump, but shares slide'?
A. Microsoft announced impressive quarterly earnings
B. Revenue surged due to high demand for artificial intelligence services","- Microsoft announced impressive quarterly earnings
- Revenue surged due to high demand for artificial intelligence services
- This boosted its cloud computing business significantly","Business update—note market trends, economic data, or major events."
Business,Why I worry about government meddling in WFH,"Most employers have landed on a hybrid “sweet spot” that research suggests is good for workers and productivity, and helps business attract and keep employees.",https://www.afr.com/work-and-careers/workplace/why-i-worry-about-government-meddling-in-wfh-20251030-p5n6fb,"Most employers have landed on a hybrid “sweet spot” that research suggests is good for workers and productivity, and helps business attract and keep employees.",Most employers have landed on a hybrid “sweet spot’ that research suggests is good for workers and productivity. Research suggests it helps business attract and keep employees.,Business,"Q: Which statement is most accurate about 'Why I worry about government meddling in WFH'?
A. Most employers have landed on a hybrid “sweet spot’ that research suggests is good for workers and productivity
B. Research suggests it helps business attract and keep employees","- Most employers have landed on a hybrid “sweet spot’ that research suggests is good for workers and productivity
- Research suggests it helps business attract and keep employees","Business update—note market trends, economic data, or major events."
Business,Australia's New Bill: Balancing Business and Environmental Protection,"Australia introduced a bill aimed at conserving nature while expediting approvals for resource projects. It addresses lengthy approval times impacting economic growth, attempting to alleviate housing shortages and transition to renewable energy. The bill faces political negotiations to balance business needs and stricter environmental safeguards.",https://www.devdiscourse.com/article/headlines/3678050-australias-new-bill-balancing-business-and-environmental-protection,"Australia introduced a bill aimed at conserving nature while expediting approvals for resource projects. It addresses lengthy approval times impacting economic growth, attempting to alleviate housing shortages and transition to renewable energy. The bill faces political negotiations to balance business needs and stricter environmental safeguards.",Australia introduced a bill aimed at conserving nature while expediting resource projects. The bill faces political negotiations to balance business needs and stricter environmental safeguards. It addresses lengthy approval times impacting economic growth.,Business,"Q: Which statement is most accurate about 'Australia's New Bill: Balancing Business and Environmental Protection'?
A. Australia introduced a bill aimed at conserving nature while expediting resource projects
B. The bill faces political negotiations to balance business needs and stricter environmental safeguards","- Australia introduced a bill aimed at conserving nature while expediting resource projects
- The bill faces political negotiations to balance business needs and stricter environmental safeguards
- It addresses lengthy approval times impacting economic growth","Business update—note market trends, economic data, or major events."
Business,"Top stocks to buy today: Stock recommendations for October 30, 2025","India Business News: Top stock market recommendations: Nuvama Professional Clients Group's Deputy Vice President, Aakash K Hindocha, recommends ONGC, Graphite India, and S",https://timesofindia.indiatimes.com/business/india-business/top-stock-recommendations-for-october-30-2025-ongc-graphite-india-sail-best-stocks-to-buy-today/articleshow/124914451.cms,"India Business News: Top stock market recommendations: Nuvama Professional Clients Group's Deputy Vice President, Aakash K Hindocha, recommends ONGC, Graphite India, and S","Nuvama Professional Clients Group's Deputy Vice President, Aakash K Hindocha, recommends ONGC, Graphite India, and S.",Business,,"- Nuvama Professional Clients Group's Deputy Vice President, Aakash K Hindocha, recommends ONGC, Graphite India, and S","Business update—note market trends, economic data, or major events."
